{"contributions": {"2011": {"county": {"Luzerne": 1000.0, "Northampton": 2500.0, "Hunterdon": 500.0, "Cumberland": 550.0, "Delaware": 53400.0, "Philadelphia": 549375.44, "Montgomery": 117250.0, "Lehigh": 2500.0, "Chester": 18450.0, "Berks": 6000.0, "Bucks": 67250.0, "Allegheny": 13600.0, "Juniata": 2500.0, "Dauphin": 2200.0, "Monroe": 100.0, "Lackawanna": 1000.0}, "state": {"Georgia": 500.0, "New Jersey": 72125.0, "Delaware": 1500.0, "Florida": 1500.0, "North Carolina": 10.0, "Pennsylvania": 838175.4400000001, "District of Columbia": 24700.0, "California": 3700.0, "Massachusetts": 1000.0, "Maryland": 16550.0, "New York": 15250.0, "Texas": 500.0}, "ward": {"": 16050.0, "56": 12300.0, "50": 250.0, "63": 3200.0, "64": 20900.0, "65": 16910.0, "66": 109050.0, "34": 500.0, "24": 500.0, "25": 1275.0, "26": 3350.0, "27": 1000.0, "21": 13245.439999999999, "22": 2750.0, "23": 25.0, "46": 750.0, "45": 7850.0, "42": 250.0, "43": 1250.0, "40": 1500.0, "41": 13700.0, "1": 200.0, "2": 14900.0, "5": 24470.0, "4": 175.0, "7": 1000.0, "9": 1250.0, "8": 133315.0, "18": 1000.0, "59": 250.0, "14": 10850.0, "39": 18600.0, "38": 10650.0, "15": 13400.0, "58": 5500.0, "17": 5000.0, "55": 1100.0, "54": 2400.0, "57": 3810.0, "30": 15050.0, "36": 16800.0, "53": 1150.0, "52": 1000.0, "19": 2000.0, "48": 8500.0, "33": 5100.0}, "muni": {"": 64360.0, "WEST CONSHOHOCKEN": 400.0, "LOWER POTTSGROVE": 1000.0, "BRISTOL": 1500.0, "LARKSVILLE": 1000.0, "GLOUCESTER TWP": 2500.0, "MONTGOMERY": 1000.0, "PENNSAUKEN TWP": 7500.0, "WORCESTER": 2000.0, "LOWER MORELAND": 5200.0, "WHITEMARSH": 4500.0, "LOWER SALFORD": 150.0, "GLASSBORO BORO": 50.0, "BENSALEM": 5000.0, "TRENTON CITY": 500.0, "HADDON TWP": 2600.0, "UPPER CHICHESTER": 850.0, "WOODBURY CITY": 2850.0, "CONCORD": 1000.0, "SCRANTON": 500.0, "NORTHAMPTON": 11450.0, "NEW HOPE": 500.0, "PARSIPPANY-TROY HILLS TWP": 250.0, "NEWTOWN": 12500.0, "MIDDLETOWN": 2100.0, "ROSS": 100.0, "HANOVER": 2500.0, "CHELTENHAM": 13750.0, "LOWER MACUNGIE": 2500.0, "WARWICK": 2750.0, "RADNOR": 3500.0, "ROSE VALLEY": 1000.0, "SCHUYLKILL": 2700.0, "WEST NORRITON": 100.0, "LOWER MAKEFIELD": 5100.0, "UPPER SOUTHAMPTON": 2000.0, "LOWER GWYNEDD": 4000.0, "FALLS": 4750.0, "PLYMOUTH": 7500.0, "LAWRENCE TWP": 5000.0, "WILLISTOWN": 2700.0, "MEDIA": 750.0, "UPPER DUBLIN": 18700.0, "CINNAMINSON TWP": 500.0, "LOWER SOUTHAMPTON": 2125.0, "HATFIELD": 100.0, "HAMMONTON TOWN": 16000.0, "CLAYTON BORO": 50.0, "JENKINTOWN": 1700.0, "UPPER MERION": 9150.0, "MOUNT LAUREL TWP": 4700.0, "SPRINGFIELD": 7100.0, "SOUTH ABINGTON": 250.0, "LOWER PROVIDENCE": 3500.0, "LOWER MERION": 37500.0, "WASHINGTON TWP": 4200.0, "UPPER PROVIDENCE": 500.0, "WEST DEPTFORD TWP": 100.0, "SPRING": 6000.0, "WARRINGTON": 75.0, "HADDONFIELD BORO": 2250.0, "PHILADELPHIA": 533375.44, "CONSHOHOCKEN": 500.0, "BUCKINGHAM": 1500.0, "COLLINGSWOOD BORO": 10700.0, "FAIRVIEW": 300.0, "MARPLE": 950.0, "CHERRY HILL TWP": 3600.0, "DELAWARE": 2500.0, "PITTSBURGH": 13500.0, "NORTHFIELD CITY": 300.0, "COLTS NECK TWP": 200.0, "WHITPAIN": 7450.0, "OAKLYN BORO": 50.0, "PENN FOREST": 100.0, "LIMERICK": 250.0, "HARRISBURG": 700.0, "ABINGTON": 6250.0, "UWCHLAN": 1000.0, "NEW HANOVER": 250.0, "EVESHAM TWP": 650.0, "ASTON": 3000.0, "NEW BRITAIN": 600.0, "LEMOYNE": 250.0, "VOORHEES TWP": 500.0, "UPPER GWYNEDD": 2600.0, "MAPLE SHADE TWP": 500.0, "CRANBURY TWP": 300.0, "CLARKS GREEN": 250.0, "NETHER PROVIDENCE": 1250.0, "HORSHAM": 1000.0, "RIDLEY": 3100.0, "UPPER MORELAND": 2800.0, "BUENA VISTA TWP": 25.0, "MILLVILLE CITY": 50.0, "UPPER DARBY": 2850.0, "MEDFORD TWP": 1200.0, "WARMINSTER": 5450.0, "EAST GREENWICH TWP": 1900.0, "KENNETT": 500.0, "CHARLESTOWN": 2000.0, "DARBY": 350.0, "HILLTOWN": 600.0, "HAVERFORD": 15000.0, "HADDON HEIGHTS BORO": 3100.0, "EAST BRADFORD": 2000.0, "THORNBURY": 5100.0, "SOLEBURY": 7500.0, "LANSDOWNE": 500.0, "NORTH WILDWOOD CITY": 500.0, "DOYLESTOWN": 2500.0, "LOWER PAXTON": 1500.0, "UPPER MAKEFIELD": 3400.0, "SWARTHMORE": 450.0, "WRIGHTSTOWN": 5000.0, "TREDYFFRIN": 7300.0}}, "2012": {"county": {"Delaware": 3300.0, "Philadelphia": 141755.41, "Montgomery": 23750.0, "Chester": 300.0, "Berks": 1000.0, "Bucks": 28600.0, "Allegheny": 1000.0, "Dauphin": 1500.0}, "state": {"Pennsylvania": 201205.41, "Delaware": 1250.0, "Virginia": 10000.0, "New Jersey": 8000.0, "New York": 500.0, "District of Columbia": 4000.0, "Maryland": 5000.0}, "ward": {"": 1000.0, "61": 1000.0, "63": 300.0, "64": 300.0, "65": 5000.0, "66": 28650.0, "24": 500.0, "27": 1000.0, "21": 2000.0, "48": 5300.0, "41": 1250.0, "5": 3600.0, "7": 3000.0, "8": 27850.0, "58": 3000.0, "39": 2000.0, "38": 10000.0, "15": 30000.0, "14": 1500.0, "19": 1000.0, "18": 450.0, "56": 6255.41, "53": 800.0, "33": 250.0}, "muni": {"": 20750.0, "CHELTENHAM": 5200.0, "SUSQUEHANNA": 500.0, "PITTSBURGH": 1000.0, "SPRING": 1000.0, "RADNOR": 2300.0, "UPPER MORELAND": 500.0, "BENSALEM": 1500.0, "BRISTOL": 2500.0, "WARWICK": 1500.0, "GLOUCESTER TWP": 2000.0, "LOWER MORELAND": 1300.0, "CHERRY HILL TWP": 2000.0, "MONROE TWP": 1000.0, "WHITEMARSH": 1300.0, "LOWER MERION": 3500.0, "WARMINSTER": 800.0, "PHILADELPHIA": 139755.41, "LOWER GWYNEDD": 2250.0, "FALLS": 2500.0, "EAST GREENWICH TWP": 300.0, "PLYMOUTH": 1000.0, "HARRISON TWP": 500.0, "WHITPAIN": 500.0, "NEWTOWN": 2500.0, "WESTAMPTON TWP": 600.0, "WEST BRANDYWINE": 300.0, "LOWER SOUTHAMPTON": 300.0, "HILLTOWN": 900.0, "HAVERFORD": 1500.0, "HARRISBURG": 500.0, "ABINGTON": 5300.0, "JENKINTOWN": 500.0, "UPPER MERION": 500.0, "MOUNT LAUREL TWP": 600.0, "SPRINGFIELD": 1000.0, "SOLEBURY": 7000.0, "NORTH WILDWOOD CITY": 250.0, "LOWER PROVIDENCE": 1200.0, "CONCORD": 500.0, "NORTHAMPTON": 1300.0, "WASHINGTON TWP": 250.0, "WRIGHTSTOWN": 500.0, "LOWER PAXTON": 500.0, "UPPER MAKEFIELD": 6500.0, "UPPER GWYNEDD": 500.0, "MAPLE SHADE TWP": 500.0, "UPPER SOUTHAMPTON": 1000.0}}}}