{"contributions": {"2011": {"county": {"Luzerne": 1000.0, "Northampton": 2500.0, "Hunterdon": 500.0, "Cumberland": 550.0, "Delaware": 53400.0, "Philadelphia": 549375.44, "Montgomery": 117250.0, "Lehigh": 2500.0, "Chester": 18450.0, "Berks": 6000.0, "Bucks": 67250.0, "Allegheny": 13600.0, "Juniata": 2500.0, "Dauphin": 2200.0, "Monroe": 100.0, "Lackawanna": 1000.0}, "state": {"Georgia": 500.0, "New Jersey": 72125.0, "Delaware": 1500.0, "Florida": 1500.0, "North Carolina": 10.0, "Pennsylvania": 838175.4400000001, "District of Columbia": 24700.0, "California": 3700.0, "Massachusetts": 1000.0, "Maryland": 16550.0, "New York": 15250.0, "Texas": 500.0}, "ward": {"": 16050.0, "56": 12300.0, "50": 250.0, "63": 3200.0, "64": 20900.0, "65": 16910.0, "66": 109050.0, "34": 500.0, "24": 500.0, "25": 1275.0, "26": 3350.0, "27": 1000.0, "21": 13245.439999999999, "22": 2750.0, "23": 25.0, "46": 750.0, "45": 7850.0, "42": 250.0, "43": 1250.0, "40": 1500.0, "41": 13700.0, "1": 200.0, "2": 14900.0, "5": 24470.0, "4": 175.0, "7": 1000.0, "9": 1250.0, "8": 133315.0, "18": 1250.0, "59": 250.0, "14": 10600.0, "39": 18600.0, "38": 10650.0, "15": 13400.0, "58": 5500.0, "17": 5000.0, "55": 1100.0, "54": 2400.0, "57": 3810.0, "30": 15050.0, "36": 16800.0, "53": 1150.0, "52": 1000.0, "19": 2000.0, "48": 8500.0, "33": 5100.0}, "muni": {"": 64360.0, "392-pa": 2000.0, "1485-pa": 7300.0, "1781-pa": 2125.0, "1732-pa": 100.0, "1188-pa": 5100.0, "1192-pa": 950.0, "2970-pa": 2500.0, "1212-pa": 700.0, "0320-nj": 1200.0, "1530-pa": 2700.0, "0818-nj": 4200.0, "2843-pa": 250.0, "1429-nj": 250.0, "1773-pa": 1500.0, "1185-pa": 1250.0, "1517-pa": 500.0, "2796-pa": 9000.0, "2793-pa": 1000.0, "410-pa": 100.0, "2652-pa": 3400.0, "402-pa": 1700.0, "1748-pa": 5450.0, "0308-nj": 500.0, "0806-nj": 50.0, "852-pa": 500.0, "1186-pa": 3500.0, "1158-pa": 300.0, "2628-pa": 6000.0, "1182-pa": 50.0, "420-pa": 4000.0, "412-pa": 2600.0, "456-pa": 1000.0, "390-pa": 4500.0, "2889-pa": 2500.0, "1762-pa": 600.0, "0118-nj": 300.0, "409-pa": 2800.0, "1234-pa": 1500.0, "1777-pa": 4750.0, "2140-pa": 13500.0, "1771-pa": 5000.0, "1747-pa": 2000.0, "0507-nj": 500.0, "0434-nj": 500.0, "2952-pa": 3500.0, "2711-pa": 2000.0, "2960-pa": 7450.0, "1202-nj": 300.0, "0417-nj": 2250.0, "1746-pa": 3400.0, "2511-pa": 300.0, "2948-pa": 1000.0, "0313-nj": 650.0, "455-pa": 5200.0, "1779-pa": 600.0, "1187-pa": 3100.0, "1200-pa": 5100.0, "1572-pa": 100.0, "1769-pa": 1500.0, "0416-nj": 2600.0, "1165-pa": 750.0, "1238-pa": 250.0, "0105-nj": 25.0, "454-pa": 37500.0, "0415-nj": 2500.0, "1172-pa": 1000.0, "1131-pa": 450.0, "1743-pa": 7500.0, "2173-pa": 100.0, "1744-pa": 1000.0, "422-pa": 150.0, "0409-nj": 3600.0, "432-pa": 1000.0, "1183-pa": 15000.0, "433-pa": 18700.0, "0418-nj": 3100.0, "2731-pa": 1000.0, "1190-pa": 850.0, "1539-pa": 2000.0, "629-pa": 1000.0, "0426-nj": 50.0, "0803-nj": 1900.0, "1740-pa": 11450.0, "451-pa": 6250.0, "425-pa": 250.0, "1310-nj": 200.0, "0822-nj": 2850.0, "1163-pa": 500.0, "853-pa": 2500.0, "1752-pa": 5000.0, "1774-pa": 2500.0, "1107-nj": 5000.0, "0319-nj": 500.0, "0412-nj": 10700.0, "431-pa": 7500.0, "2648-pa": 5100.0, "418-pa": 250.0, "0801-nj": 50.0, "453-pa": 100.0, "1191-pa": 2850.0, "0427-nj": 7500.0, "2573-pa": 533375.44, "0113-nj": 16000.0, "1749-pa": 75.0, "1181-pa": 3000.0, "1173-pa": 500.0, "1731-pa": 500.0, "1782-pa": 2100.0, "1750-pa": 2750.0, "0324-nj": 4700.0, "0610-nj": 50.0, "1111-nj": 500.0, "1505-pa": 2700.0, "452-pa": 13750.0, "375-pa": 400.0, "387-pa": 9150.0, "808-pa": 250.0, "2954-pa": 1000.0, "0820-nj": 100.0, "397-pa": 500.0}}, "2012": {"county": {"Delaware": 3300.0, "Philadelphia": 141755.41, "Montgomery": 23750.0, "Chester": 300.0, "Berks": 1000.0, "Bucks": 28600.0, "Allegheny": 1000.0, "Dauphin": 1500.0}, "state": {"Pennsylvania": 201205.41, "Delaware": 1250.0, "Virginia": 10000.0, "New Jersey": 8000.0, "New York": 500.0, "District of Columbia": 4000.0, "Maryland": 5000.0}, "ward": {"": 1000.0, "61": 1000.0, "63": 300.0, "64": 300.0, "65": 5000.0, "66": 28650.0, "24": 500.0, "27": 1000.0, "21": 2000.0, "48": 5300.0, "41": 1250.0, "5": 3600.0, "7": 3000.0, "8": 27850.0, "58": 3000.0, "39": 2000.0, "38": 10000.0, "15": 30000.0, "14": 1500.0, "19": 1000.0, "18": 450.0, "56": 6255.41, "53": 800.0, "33": 250.0}, "muni": {"": 20750.0, "0415-nj": 2000.0, "1186-pa": 2300.0, "2628-pa": 1000.0, "1743-pa": 7000.0, "420-pa": 2250.0, "0319-nj": 500.0, "390-pa": 1300.0, "431-pa": 1000.0, "0337-nj": 600.0, "1753-pa": 2000.0, "0409-nj": 2000.0, "1212-pa": 500.0, "1777-pa": 2500.0, "1752-pa": 500.0, "1771-pa": 1500.0, "1747-pa": 1000.0, "432-pa": 1000.0, "0811-nj": 1000.0, "2793-pa": 500.0, "2952-pa": 1200.0, "409-pa": 500.0, "2573-pa": 139755.41, "455-pa": 1300.0, "0808-nj": 500.0, "1746-pa": 6500.0, "1234-pa": 500.0, "1493-pa": 300.0, "1183-pa": 1500.0, "0818-nj": 250.0, "2652-pa": 2500.0, "2960-pa": 500.0, "1750-pa": 1500.0, "1779-pa": 900.0, "2140-pa": 1000.0, "452-pa": 5200.0, "0803-nj": 300.0, "412-pa": 500.0, "2783-pa": 500.0, "1740-pa": 1300.0, "451-pa": 5300.0, "1769-pa": 500.0, "1781-pa": 300.0, "387-pa": 500.0, "402-pa": 500.0, "0507-nj": 250.0, "1748-pa": 800.0, "454-pa": 3500.0, "0324-nj": 600.0}}}}