{"contributions": {"2011": {"county": {"Cumberland": 900.0, "Delaware": 10500.0, "Philadelphia": 119927.43, "Montgomery": 33942.76, "Lehigh": 250.0, "Chester": 1500.0, "Bucks": 11800.0, "Allegheny": 2050.0, "Dauphin": 750.0}, "state": {"New Jersey": 18550.0, "Delaware": 100.0, "Pennsylvania": 181620.18999999997, "New York": 3000.0, "California": 100.3, "District of Columbia": 10350.0, "Ohio": 400.0}, "ward": {"": 3025.0, "62": 100.0, "63": 500.0, "65": 2900.0, "66": 35750.0, "26": 1250.0, "21": 2250.0, "22": 100.0, "41": 1600.0, "2": 2000.0, "5": 17719.760000000006, "9": 1500.0, "8": 35059.67, "14": 4000.0, "38": 1418.0, "15": 125.0, "58": 700.0, "33": 300.0, "57": 550.0, "30": 380.0, "36": 500.0, "52": 150.0, "55": 200.0, "48": 150.0}, "muni": {"": 13850.3, "1186-pa": 7000.0, "1781-pa": 725.0, "2795-pa": 500.0, "0414-nj": 2500.0, "420-pa": 500.0, "1492-pa": 250.0, "390-pa": 150.0, "1188-pa": 3500.0, "431-pa": 2500.0, "2114-pa": 500.0, "0427-nj": 2500.0, "1212-pa": 500.0, "0319-nj": 250.0, "1183-pa": 2000.0, "2140-pa": 1050.0, "1771-pa": 5200.0, "2791-pa": 100.0, "432-pa": 2950.0, "451-pa": 15342.76, "453-pa": 250.0, "2952-pa": 100.0, "0816-nj": 1500.0, "2573-pa": 114702.43, "455-pa": 850.0, "0113-nj": 10000.0, "0417-nj": 450.0, "2168-pa": 500.0, "1746-pa": 1500.0, "2648-pa": 500.0, "2511-pa": 150.0, "1236-pa": 650.0, "2948-pa": 500.0, "1173-pa": 1500.0, "0409-nj": 250.0, "1191-pa": 250.0, "2960-pa": 1000.0, "1782-pa": 1100.0, "0322-nj": 1100.0, "1539-pa": 150.0, "433-pa": 4250.0, "1773-pa": 250.0, "1740-pa": 450.0, "2796-pa": 1100.0, "1234-pa": 250.0, "1769-pa": 450.0, "1758-pa": 500.0, "1165-pa": 1000.0, "703-pa": 250.0, "452-pa": 500.0, "2770-pa": 100.0, "2652-pa": 2700.0, "1749-pa": 100.0, "454-pa": 3350.0}}, "2012": {"county": {"Bucks": 1350.0, "Delaware": 1500.0, "Dauphin": 1000.0, "Philadelphia": 9153.64, "Montgomery": 7325.0}, "state": {"Pennsylvania": 20328.64, "New Jersey": 2600.0}, "ward": {"": 350.0, "26": 1000.0, "58": 250.0, "2": 500.0, "5": 203.64000000000001, "65": 600.0, "66": 3000.0, "9": 250.0, "8": 2500.0, "14": 500.0}, "muni": {"432-pa": 250.0, "2948-pa": 500.0, "1186-pa": 500.0, "2960-pa": 1000.0, "1782-pa": 250.0, "1212-pa": 1000.0, "0414-nj": 1000.0, "2652-pa": 250.0, "2952-pa": 2500.0, "0816-nj": 1500.0, "2573-pa": 8803.64, "1188-pa": 1000.0, "431-pa": 500.0, "454-pa": 1100.0, "433-pa": 1500.0, "1740-pa": 500.0, "451-pa": 325.0, "0409-nj": 100.0, "1769-pa": 100.0, "2648-pa": 250.0}}}}