{"contributions": {"2011": {"county": {"Luzerne": 1250.0, "Tioga": 500.0, "Cumberland": 900.0, "Armstrong": 250.0, "Delaware": 10000.0, "Philadelphia": 150122.66999999998, "Montgomery": 39042.76, "Chester": 1750.0, "Lehigh": 250.0, "York": 100.0, "Bucks": 9900.0, "Indiana": 100.0, "Allegheny": 2050.0, "Beaver": 100.0, "Dauphin": 1000.0, "Carbon": 1100.0, "Franklin": 3500.0}, "state": {"Pennsylvania": 221915.43000000002, "Florida": 500.0, "New Jersey": 19050.0, "New York": 4000.0, "California": 100.0, "District of Columbia": 20700.0, "Ohio": 400.0}, "ward": {"": 4300.0, "60": 1500.0, "62": 100.0, "63": 2000.0, "65": 1900.0, "66": 35250.0, "24": 500.0, "26": 150.0, "21": 750.0, "22": 100.0, "45": 2500.0, "41": 100.0, "1": 1500.0, "2": 1250.0, "5": 34050.0, "9": 1500.0, "8": 13775.0, "12": 500.0, "59": 250.0, "58": 1175.0, "39": 1250.0, "38": 1418.0, "15": 125.0, "14": 5250.0, "55": 200.0, "57": 2800.0, "30": 130.0, "36": 750.0, "52": 300.0}}, "2012": {"county": {"Lawrence": 2500.0, "Delaware": 1500.0, "Philadelphia": 10150.0, "Montgomery": 4825.0, "Franklin": 1000.0, "Beaver": 100.0, "Bucks": 1000.0, "Dauphin": 1000.0, "Carbon": 250.0}, "state": {"Pennsylvania": 22325.0, "New Jersey": 2600.0}, "ward": {"": 350.0, "39": 1000.0, "63": 250.0, "57": 500.0, "2": 500.0, "5": 1450.0, "65": 600.0, "66": 4500.0, "9": 250.0, "8": 250.0}}}}