{"contributions": {"2011": {"county": {"Cumberland": 900.0, "Delaware": 10500.0, "Philadelphia": 133577.43, "Montgomery": 33942.76, "Lehigh": 250.0, "Chester": 1500.0, "Bucks": 12050.0, "Allegheny": 2050.0, "Dauphin": 1000.0}, "state": {"New Jersey": 18550.0, "Delaware": 100.0, "Florida": 500.0, "Pennsylvania": 195770.18999999997, "New York": 3000.0, "California": 100.3, "District of Columbia": 10350.0, "Ohio": 400.0}, "ward": {"": 3025.0, "62": 100.0, "63": 500.0, "64": 1000.0, "65": 2900.0, "66": 38000.0, "26": 1250.0, "21": 2250.0, "22": 100.0, "41": 1600.0, "2": 2000.0, "5": 17719.760000000006, "9": 1500.0, "8": 45309.67, "14": 4000.0, "38": 1418.0, "15": 125.0, "58": 700.0, "33": 300.0, "57": 550.0, "30": 380.0, "36": 500.0, "52": 300.0, "55": 200.0, "48": 150.0}, "muni": {"": 14350.3, "CHELTENHAM": 500.0, "BETHEL": 100.0, "SOUTH HARRISON TWP": 1500.0, "RADNOR": 7000.0, "WARRINGTON": 100.0, "HADDONFIELD BORO": 450.0, "MIDDLETOWN": 1600.0, "BUCKINGHAM": 250.0, "LOWER GWYNEDD": 500.0, "BRISTOL": 450.0, "HORSHAM": 500.0, "LOWER MAKEFIELD": 500.0, "NORTH FAYETTE": 500.0, "UPPER DARBY": 250.0, "CHERRY HILL TWP": 250.0, "PENNSAUKEN TWP": 2500.0, "LOWER MERION": 3350.0, "PHILADELPHIA": 128352.43, "WEST BRADFORD": 250.0, "LOWER MORELAND": 850.0, "LOWER ALLEN": 100.0, "PLYMOUTH": 2500.0, "MONROEVILLE": 500.0, "WHITPAIN": 1000.0, "PITTSBURGH": 1050.0, "WHITEMARSH": 150.0, "IVYLAND": 500.0, "MEDIA": 1000.0, "UPPER DUBLIN": 4250.0, "BENSALEM": 5200.0, "LOWER SOUTHAMPTON": 725.0, "HATFIELD": 250.0, "HAVERFORD": 2000.0, "HAMMONTON TOWN": 10000.0, "MOORESTOWN TWP": 1100.0, "HARRISBURG": 750.0, "ALLENTOWN": 250.0, "EAST BRADFORD": 150.0, "SPRINGFIELD": 6450.0, "CAMP HILL": 650.0, "LOWER PROVIDENCE": 100.0, "NORTHAMPTON": 700.0, "ABINGTON": 15342.76, "LOWER PAXTON": 250.0, "GLOUCESTER CITY": 2500.0, "UPPER MAKEFIELD": 1500.0, "NEWTOWN": 3800.0, "MAPLE SHADE TWP": 250.0, "UPPER PROVIDENCE": 1500.0, "FAIRVIEW": 150.0}}, "2012": {"county": {"Bucks": 1350.0, "Delaware": 1500.0, "Dauphin": 1000.0, "Philadelphia": 11153.64, "Montgomery": 7325.0}, "state": {"Pennsylvania": 22328.64, "New Jersey": 2600.0}, "ward": {"": 350.0, "26": 1000.0, "58": 250.0, "2": 500.0, "5": 203.64000000000001, "65": 600.0, "66": 3500.0, "9": 250.0, "8": 4000.0, "14": 500.0}, "muni": {"CHERRY HILL TWP": 100.0, "LOWER PROVIDENCE": 2500.0, "LOWER MERION": 1100.0, "SOUTH HARRISON TWP": 1500.0, "UPPER DUBLIN": 1500.0, "NORTHAMPTON": 500.0, "RADNOR": 500.0, "PHILADELPHIA": 10803.64, "MIDDLETOWN": 250.0, "HARRISBURG": 1000.0, "PLYMOUTH": 500.0, "GLOUCESTER CITY": 1000.0, "NEWTOWN": 250.0, "BRISTOL": 100.0, "HORSHAM": 500.0, "WHITPAIN": 1000.0, "ABINGTON": 325.0, "LOWER MAKEFIELD": 250.0, "SPRINGFIELD": 1250.0}}}}